[
    {
        "name": "Dungeons (Shuffled)",
        "chest_unopened_img": "images/items/chest.png",
        "chest_opened_img": "images/items/chest_gray.png",
        "visibility_rules": [
            "dungeon_er_on"
        ],
        "children": [
            {
                "name": "Spirit's Grave (D1)",
                "access_rules": [],
                "children": [
                    {
                        "name": "Terrace chest",
                        "sections": [
                            {
                                "access_rules": [
                                    "$d1_east_terrace"
                                ],
                                "item_count": 1
                            }
                        ],
                        "map_locations": [
                            {
                                "map": "d1",
                                "x": 760,
                                "y": 1080
                            }
                        ]
                    },
                    {
                        "name": "Ghini drop",
                        "sections": [
                            {
                                "access_rules": [
                                    "$d1_east_terrace"
                                ],
                                "item_count": 1
                            }
                        ],
                        "map_locations": [
                            {
                                "map": "d1",
                                "x": 1016,
                                "y": 792
                            }
                        ]
                    },
                    {
                        "name": "Crossroads chest",
                        "sections": [
                            {
                                "access_rules": [
                                    "$d1_east_terrace"
                                ],
                                "item_count": 1
                            }
                        ],
                        "map_locations": [
                            {
                                "map": "d1",
                                "x": 776,
                                "y": 792
                            }
                        ]
                    },
                    {
                        "name": "Secret room chest",
                        "sections": [
                            {
                                "access_rules": [
                                    "$d1_crystal_room"
                                ],
                                "item_count": 1
                            }
                        ],
                        "map_locations": [
                            {
                                "map": "d1",
                                "x": 632,
                                "y": 792
                            }
                        ]
                    },
                    {
                        "name": "Wide room chest",
                        "sections": [
                            {
                                "access_rules": [
                                    "$d1_wide_room"
                                ],
                                "item_count": 1
                            }
                        ],
                        "map_locations": [
                            {
                                "map": "d1",
                                "x": 920,
                                "y": 569
                            }
                        ]
                    },
                    {
                        "name": "Double button chest",
                        "sections": [
                            {
                                "access_rules": [
                                    "$d1_wide_room"
                                ],
                                "item_count": 1
                            }
                        ],
                        "map_locations": [
                            {
                                "map": "d1",
                                "x": 840,
                                "y": 377
                            }
                        ]
                    },
                    {
                        "name": "One button chest",
                        "sections": [
                            {
                                "access_rules": [
                                    "$d1_wide_room"
                                ],
                                "item_count": 1
                            }
                        ],
                        "map_locations": [
                            {
                                "map": "d1",
                                "x": 648,
                                "y": 441
                            }
                        ]
                    },
                    {
                        "name": "Pot item",
                        "sections": [
                            {
                                "access_rules": [
                                    "$pot"
                                ],
                                "item_count": 1
                            }
                        ],
                        "map_locations": [
                            {
                                "map": "d1",
                                "x": 344,
                                "y": 1080
                            }
                        ]
                    },
                    {
                        "name": "West terrace",
                        "sections": [
                            {
                                "access_rules": [
                                    "$pot"
                                ],
                                "item_count": 1
                            }
                        ],
                        "map_locations": [
                            {
                                "map": "d1",
                                "x": 56,
                                "y": 1001
                            }
                        ]
                    },
                    {
                        "name": "Underground item",
                        "sections": [
                            {
                                "access_rules": [
                                    "$d1_basement",
                                    "$d1_basement_h"
                                ],
                                "item_count": 1
                            }
                        ],
                        "map_locations": [
                            {
                                "map": "d1",
                                "x": 88,
                                "y": 1352
                            },
                            {
                                "map": "d1",
                                "x": 184,
                                "y": 744
                            }
                        ]
                    },
                    {
                        "name": "Pumpkin Head reward",
                        "sections": [
                            {
                                "access_rules": [
                                    "$d1_boss",
                                    "$d1_boss_h"
                                ],
                                "item_count": 1
                            }
                        ],
                        "map_locations": [
                            {
                                "map": "d1",
                                "x": 600,
                                "y": 259
                            }
                        ]
                    },
                    {
                        "name": "Eternal Spirit",
                        "sections": [
                            {
                                "access_rules": [
                                    "$d1_boss",
                                    "$d1_boss_h"
                                ],
                                "hosted_item": "d1"
                            }
                        ],
                        "map_locations": [
                            {
                                "map": "d1",
                                "x": 600,
                                "y": 36
                            }
                        ]
                    }
                ]
            },
            {
                "name": "Wing Dungeon (D2)",
                "access_rules": [],
                "children": [
                    {
                        "name": "Bombed terrace",
                        "sections": [
                            {
                                "access_rules": [
                                    "$d2_bombed_terrace",
                                    "[l_hard],$d2_bombed_terrace_h"
                                ],
                                "item_count": 1
                            }
                        ],
                        "map_locations": [
                            {
                                "map": "d2",
                                "x": 840,
                                "y": 488
                            }
                        ]
                    },
                    {
                        "name": "Moblin drop",
                        "sections": [
                            {
                                "access_rules": [
                                    "$d2_moblin_drop",
                                    "[l_hard],$d2_moblin_drop_h"
                                ],
                                "item_count": 1
                            }
                        ],
                        "map_locations": [
                            {
                                "map": "d2",
                                "x": 119,
                                "y": 263
                            }
                        ]
                    },
                    {
                        "name": "Rope chest",
                        "sections": [
                            {
                                "access_rules": [
                                    "$d2_rope_room"
                                ],
                                "item_count": 1
                            }
                        ],
                        "map_locations": [
                            {
                                "map": "d2",
                                "x": 1176,
                                "y": 552
                            }
                        ]
                    },
                    {
                        "name": "Ladder chest behind bombwall",
                        "sections": [
                            {
                                "access_rules": [
                                    "$d2_ladder_chest"
                                ],
                                "item_count": 1
                            }
                        ],
                        "map_locations": [
                            {
                                "map": "d2",
                                "x": 1320,
                                "y": 968
                            }
                        ]
                    },
                    {
                        "name": "Thwomp tunnel",
                        "sections": [
                            {
                                "access_rules": [
                                    "$d2_basement",
                                    "[l_hard],$d2_basement_h"
                                ],
                                "item_count": 1
                            }
                        ],
                        "map_locations": [
                            {
                                "map": "d2",
                                "x": 311,
                                "y": 1832
                            }
                        ]
                    },
                    {
                        "name": "Thwomp shelf",
                        "sections": [
                            {
                                "access_rules": [
                                    "$d2_thwomp_shelf",
                                    "[l_hard],$d2_thwomp_shelf_h"
                                ],
                                "item_count": 1
                            }
                        ],
                        "map_locations": [
                            {
                                "map": "d2",
                                "x": 40,
                                "y": 1720
                            }
                        ]
                    },
                    {
                        "name": "Basement chest (behind bombwall)",
                        "sections": [
                            {
                                "access_rules": [
                                    "$d2_basement_chest",
                                    "[l_hard],$d2_basement_chest_h"
                                ],
                                "item_count": 1
                            }
                        ],
                        "map_locations": [
                            {
                                "map": "d2",
                                "x": 1319,
                                "y": 1384
                            }
                        ]
                    },
                    {
                        "name": "Basement drop (color tiles)",
                        "sections": [
                            {
                                "access_rules": [
                                    "$d2_basement_drop",
                                    "[l_hard],$d2_basement_drop_h"
                                ],
                                "item_count": 1
                            }
                        ],
                        "map_locations": [
                            {
                                "map": "d2",
                                "x": 807,
                                "y": 1367
                            }
                        ]
                    },
                    {
                        "name": "Moblin platform",
                        "sections": [
                            {
                                "access_rules": [
                                    "$d2_moblin_platform",
                                    "[l_hard],$d2_moblin_platform_h"
                                ],
                                "item_count": 1
                            }
                        ],
                        "map_locations": [
                            {
                                "map": "d2",
                                "x": 1113,
                                "y": 440
                            }
                        ]
                    },
                    {
                        "name": "Statue puzzle drop",
                        "sections": [
                            {
                                "access_rules": [
                                    "$d2_statue_puzzle",
                                    "[l_hard],$d2_statue_puzzle_h"
                                ]
                            }
                        ],
                        "map_locations": [
                            {
                                "map": "d2",
                                "x": 1319,
                                "y": 439
                            }
                        ]
                    },
                    {
                        "name": "Color room",
                        "sections": [
                            {
                                "access_rules": [
                                    "$d2_color_room",
                                    "[l_hard],$d2_color_room_h"
                                ],
                                "item_count": 1
                            }
                        ],
                        "map_locations": [
                            {
                                "map": "d2",
                                "x": 1576,
                                "y": 264
                            }
                        ]
                    },
                    {
                        "name": "Head Thwomp",
                        "sections": [
                            {
                                "name": "Boss Reward",
                                "access_rules": [
                                    "$d2_boss",
                                    "[l_hard],$d2_boss_h"
                                ],
                                "item_count": 1
                            },
                            {
                                "name": "Get Bombs from Head Thwomp",
                                "access_rules": [
                                    "[l_hard],$d2_early_bombs"
                                ],
                                "hosted_item": "bombs"
                            }
                        ],
                        "map_locations": [
                            {
                                "map": "d2",
                                "x": 647,
                                "y": 1175
                            },
                            {
                                "map": "d2",
                                "x": 1496,
                                "y": 102
                            }
                        ]
                    },
                    {
                        "name": "Ancient Wood",
                        "sections": [
                            {
                                "access_rules": [
                                    "$d2_boss",
                                    "[l_hard],$d2_boss"
                                ],
                                "hosted_item": "d2"
                            }
                        ],
                        "map_locations": [
                            {
                                "map": "d2",
                                "x": 1800,
                                "y": 31
                            }
                        ]
                    }
                ]
            },
            {
                "name": "Moonlit Grotto (D3)",
                "access_rules": [],
                "children": [
                    {
                        "name": "Pols Voice chest",
                        "sections": [
                            {
                                "access_rules": [
                                    "$d3_pols_voice"
                                ],
                                "item_count": 1
                            }
                        ],
                        "map_locations": [
                            {
                                "map": "d3",
                                "x": 376,
                                "y": 968
                            }
                        ]
                    },
                    {
                        "name": "East statues drop",
                        "sections": [
                            {
                                "access_rules": [
                                    "$d3_statue_drop"
                                ],
                                "item_count": 1
                            }
                        ],
                        "map_locations": [
                            {
                                "map": "d3",
                                "x": 1143,
                                "y": 615
                            }
                        ]
                    },
                    {
                        "name": "Armos chest",
                        "sections": [
                            {
                                "access_rules": [
                                    "$d3_conveyor_belt_room",
                                    "[l_hard],$d3_conveyor_belt_room_h"
                                ],
                                "item_count": 1
                            }
                        ],
                        "map_locations": [
                            {
                                "map": "d3",
                                "x": 1592,
                                "y": 984
                            }
                        ]
                    },
                    {
                        "name": "Six blocks drop",
                        "sections": [
                            {
                                "access_rules": [
                                    "$d3_six_blocK_drop",
                                    "[l_hard],$d3_six_blocK_drop_h"
                                ],
                                "item_count": 1
                            }
                        ],
                        "map_locations": [
                            {
                                "map": "d3",
                                "x": 183,
                                "y": 984
                            }
                        ]
                    },
                    {
                        "name": "Four Armos drop",
                        "sections": [
                            {
                                "access_rules": [
                                    "$d3_armos_drop",
                                    "[l_hard],$d3_armos_drop"
                                ],
                                "item_count": 1
                            }
                        ],
                        "map_locations": [
                            {
                                "map": "d3",
                                "x": 1047,
                                "y": 439
                            }
                        ]
                    },
                    {
                        "name": "Bush beetle chest",
                        "sections": [
                            {
                                "access_rules": [
                                    "d3sk:3, [$k_normal]",
                                    "d3sk:2, [d3sk:3], [$k_normal]",
                                    "$d3_bush_beetle_room"
                                ],
                                "item_count": 1
                            }
                        ],
                        "map_locations": [
                            {
                                "map": "d3",
                                "x": 600,
                                "y": 392
                            }
                        ]
                    },
                    {
                        "name": "Mimic room chest",
                        "sections": [
                            {
                                "access_rules": [
                                    "d3sk:4, [$k_normal]",
                                    "d3sk:3, [d3sk:4], [$k_normal]",
                                    "$d3_mimic_room"
                                ],
                                "item_count": 1
                            }
                        ],
                        "map_locations": [
                            {
                                "map": "d3",
                                "x": 392,
                                "y": 88
                            }
                        ]
                    },
                    {
                        "name": "Fallen spinner chest",
                        "sections": [
                            {
                                "access_rules": [
                                    "$d3_B1F_spinner",
                                    "[l_hard],$d3_B1F_spinner_h"
                                ],
                                "item_count": 1
                            }
                        ],
                        "map_locations": [
                            {
                                "map": "d3",
                                "x": 840,
                                "y": 615
                            }
                        ]
                    },
                    {
                        "name": "Torch chest",
                        "sections": [
                            {
                                "access_rules": [
                                    "$d3_torch_chest",
                                    "[l_hard],$d3_torch_chest_h"
                                ],
                                "item_count": 1
                            }
                        ],
                        "map_locations": [
                            {
                                "map": "d3",
                                "x": 2120,
                                "y": 776
                            }
                        ]
                    },
                    {
                        "name": "Moldorm drop",
                        "sections": [
                            {
                                "access_rules": [
                                    "$d3_moldorm_drop",
                                    "[l_hard],$d3_moldorm_drop_h"
                                    
                                ],
                                "item_count": 1
                            }
                        ],
                        "map_locations": [
                            {
                                "map": "d3",
                                "x": 1815,
                                "y": 87
                            }
                        ]
                    },
                    {
                        "name": "Bridge chest",
                        "sections": [
                            {
                                "access_rules": [
                                    "$d3_bridge_chest",
                                    "[l_hard],$d3_bridge_chest_h"
                                ],
                                "item_count": 1
                            }
                        ],
                        "map_locations": [
                            {
                                "map": "d3",
                                "x": 1879,
                                "y": 488
                            }
                        ]
                    },
                    {
                        "name": "Right side chest",
                        "sections": [
                            {
                                "access_rules": [
                                    "$d3_B1F_east",
                                    "[l_hard],$d3_B1F_east"
                                ],
                                "item_count": 1
                            }
                        ],
                        "map_locations": [
                            {
                                "map": "d3",
                                "x": 2296,
                                "y": 392
                            }
                        ]
                    },
                    {
                        "name": "Shadow Hag Reward",
                        "sections": [
                            {
                                "access_rules": [
                                    "$d3_boss",
                                    "[l_hard],$d3_boss_h"
                                ],
                                "item_count": 1
                            }
                        ],
                        "map_locations": [
                            {
                                "map": "d3",
                                "x": 1558,
                                "y": 85
                            }
                        ]
                    },
                    {
                        "name": "Echoing Howl",
                        "sections": [
                            {
                                "access_rules": [
                                    "$d3_boss",
                                    "[l_hard],$d3_boss_h"
                                ],
                                "hosted_item": "d3"
                            }
                        ],
                        "map_locations": [
                            {
                                "map": "d3",
                                "x": 1319,
                                "y": 32
                            }
                        ]
                    },
                    {
                        "name": "Get scent seeds in D3's bridge rooms",
                        "sections": [
                            {
                                "name": "Respawnable bushes",
                                "access_rules": [
                                    "d3sk:1, $use_seeds, [scentseeds]"
                                ],
                                "hosted_item": "scentseeds"
                            }
                        ],
                        "map_locations": [
                            {
                                "map": "d3",
                                "x": 1711,
                                "y": 375
                            }
                        ]
                    }
                ]
            },
            {
                "name": "Skull Dungeon (D4)",
                "access_rules": [],
                "children": [
                    {
                        "name": "Zol chest",
                        "sections": [
                            {
                                "access_rules": [
                                    "$d4_first_chest"
                                ],
                                "item_count": 1
                            }
                        ],
                        "map_locations": [
                            {
                                "map": "d4",
                                "x": 264,
                                "y": 952
                            }
                        ]
                    },
                    {
                        "name": "Cube chest",
                        "sections": [
                            {
                                "access_rules": [
                                    "$d4_cube_chest"
                                ],
                                "item_count": 1
                            }
                        ],
                        "map_locations": [
                            {
                                "map": "d4",
                                "x": 312,
                                "y": 1192
                            }
                        ]
                    },
                    {
                        "name": "Minecart chest",
                        "sections": [
                            {
                                "access_rules": [
                                    "$d4_minecart_chest"
                                ],
                                "item_count": 1
                            }
                        ],
                        "map_locations": [
                            {
                                "map": "d4",
                                "x": 1319,
                                "y": 968
                            }
                        ]
                    },
                    {
                        "name": "Moldorm switch chest",
                        "sections": [
                            {
                                "access_rules": [
                                    "$d4_first_crystal_switch",
                                    "[l_hard], $d4_first_crystal_switch_h"
                                ],
                                "item_count": 1
                            }
                        ],
                        "map_locations": [
                            {
                                "map": "d4",
                                "x": 1239,
                                "y": 1160
                            }
                        ]
                    },
                    {
                        "name": "Keese switch chest",
                        "sections": [
                            {
                                "access_rules": [
                                    "$d4_second_crystal_switch",
                                    "[l_hard],$d4_second_crystal_switch_h"
                                ],
                                "item_count": 1
                            }
                        ],
                        "map_locations": [
                            {
                                "map": "d4",
                                "x": 1032,
                                "y": 88
                            }
                        ]
                    },
                    {
                        "name": "Color tile drop",
                        "sections": [
                            {
                                "access_rules": [
                                    "$d4_color_tile_drop"
                                ],
                                "item_count": 1
                            }
                        ],
                        "map_locations": [
                            {
                                "map": "d4",
                                "x": 343,
                                "y": 440
                            }
                        ]
                    },
                    {
                        "name": "Small floor puzzle reward",
                        "sections": [
                            {
                                "access_rules": [
                                    "$d4_small_floor_puzzle"
                                ],
                                "item_count": 1
                            }
                        ],
                        "map_locations": [
                            {
                                "map": "d4",
                                "x": 808,
                                "y": 808
                            }
                        ]
                    },
                    {
                        "name": "Large floor puzzle reward",
                        "sections": [
                            {
                                "access_rules": [
                                    "$d4_large_floor_puzzle",
                                    "[l_hard], $d4_large_floor_puzzle_h"
                                ],
                                "item_count": 1
                            }
                        ],
                        "map_locations": [
                            {
                                "map": "d4",
                                "x": 600,
                                "y": 1720
                            }
                        ]
                    },
                    {
                        "name": "Lava Pot Chest",
                        "sections": [
                            {
                                "access_rules": [
                                    "$d4_lava_pot_chest",
                                    "[l_hard], $d4_lava_pot_chest_h"
                                ],
                                "item_count": 1
                            }
                        ],
                        "map_locations": [
                            {
                                "map": "d4",
                                "x": 152,
                                "y": 408
                            }
                        ]
                    },
                    {
                        "name": "Eyesoar Reward",
                        "sections": [
                            {
                                "access_rules": [
                                    "$d4_boss",
                                    "[l_hard], $d4_boss_h"
                                ],
                                "item_count": 1
                            }
                        ],
                        "map_locations": [
                            {
                                "map": "d4",
                                "x": 360,
                                "y": 1527
                            }
                        ]
                    },
                    {
                        "name": "Burning Flame",
                        "sections": [
                            {
                                "access_rules": [
                                    "$d4_boss",
                                    "[l_hard], $d4_boss_h"
                                ],
                                "hosted_item": "d4"
                            }
                        ],
                        "map_locations": [
                            {
                                "map": "d4",
                                "x": 360,
                                "y": 1297
                            }
                        ]
                    }
                ]
            },
            {
                "name": "Crown Dungeon (D5)",
                "access_rules": [],
                "children": [
                    {
                        "name": "Like-Like Chest",
                        "sections": [
                            {
                                "name": "(west blue pegs stairs)",
                                "access_rules": [
                                    "$d5_likelike",
                                    "[l_hard],$d5_likelike_h"
                                ],
                                "item_count": 1
                            }
                        ],
                        "map_locations": [
                            {
                                "map": "d5",
                                "x": 1800,
                                "y": 613
                            }
                        ]
                    },
                    {
                        "name": "Eyes Chest",
                        "sections": [
                            {
                                "access_rules": [
                                    "$d5_eyes",
                                    "[l_hard],$d5_eyes_h"
                                ],
                                "item_count": 1
                            }
                        ],
                        "map_locations": [
                            {
                                "map": "d5",
                                "x": 360,
                                "y": 969
                            }
                        ]
                    },
                    {
                        "name": "Dark Room",
                        "sections": [
                            {
                                "access_rules": [
                                    "$d5_darkroom",
                                    "[l_hard],$d5_darkroom_h"
                                ],
                                "item_count": 1
                            }
                        ],
                        "map_locations": [
                            {
                                "map": "d5",
                                "x": 2040,
                                "y": 793
                            }
                        ]
                    },
                    {
                        "name": "Two-Statue Puzzle",
                        "sections": [
                            {
                                "access_rules": [
                                    "$d5_2statue",
                                    "[l_hard],$d5_2statue_h"
                                ],
                                "item_count": 1
                            }
                        ],
                        "map_locations": [
                            {
                                "map": "d5",
                                "x": 3000,
                                "y": 425
                            }
                        ]
                    },
                    {
                        "name": "Blue Peg Chest before Boss",
                        "sections": [
                            {
                                "access_rules": [
                                    "$d5_switchA",
                                    "[l_hard],$d5_switchA_h"
                                ],
                                "item_count": 1
                            }
                        ],
                        "map_locations": [
                            {
                                "map": "d5",
                                "x": 1320,
                                "y": 905
                            }
                        ]
                    },
                    {
                        "name": "Diamonds Chest",
                        "sections": [
                            {
                                "access_rules": [
                                    "$d5_crossroads,hook1",
                                    "[l_hard],$d5_crossroads_h,hook1"
                                ],
                                "item_count": 1
                            }
                        ],
                        "map_locations": [
                            {
                                "map": "d5",
                                "x": 1624,
                                "y": 489
                            }
                        ]
                    },
                    {
                        "name": "Three-Statue Puzzle",
                        "sections": [
                            {
                                "access_rules": [
                                    "$d5_3statue",
                                    "[l_hard],$d5_3statue_h"
                                ],
                                "item_count": 1
                            }
                        ],
                        "map_locations": [
                            {
                                "map": "d5",
                                "x": 840,
                                "y": 969
                            }
                        ]
                    },
                    {
                        "name": "Six-Statue Puzzle",
                        "sections": [
                            {
                                "access_rules": [
                                    "$d5_6statue",
                                    "[l_hard],$d5_6statue"
                                ],
                                "item_count": 1
                            }
                        ],
                        "map_locations": [
                            {
                                "map": "d5",
                                "x": 2216,
                                "y": 969
                            }
                        ]
                    },
                    {
                        "name": "Red Peg Chest",
                        "sections": [
                            {
                                "access_rules": [
                                    "$d5_redpeg",
                                    "[l_hard],$d5_redpeg_h"
                                ],
                                "item_count": 1
                            }
                        ],
                        "map_locations": [
                            {
                                "map": "d5",
                                "x": 2312,
                                "y": 25
                            }
                        ]
                    },
                    {
                        "name": "Owl Puzzle",
                        "sections": [
                            {
                                "access_rules": [
                                    "$d5_owl_puzzle",
                                    "[l_hard],$d5_owl_puzzle"
                                ],
                                "item_count": 1
                            }
                        ],
                        "map_locations": [
                            {
                                "map": "d5",
                                "x": 1992,
                                "y": 265
                            }
                        ]
                    },
                    {
                        "name": "Smog Reward",
                        "sections": [
                            {
                                "access_rules": [
                                    "$d5_boss",
                                    "[l_hard],$d5_boss"
                                ],
                                "item_count": 1
                            }
                        ],
                        "map_locations": [
                            {
                                "map": "d5",
                                "x": 1560,
                                "y": 969
                            }
                        ]
                    },
                    {
                        "name": "Sacred Soil",
                        "sections": [
                            {
                                "access_rules": [
                                    "$d5_boss",
                                    "[l_hard],$d5_boss"
                                ],
                                "hosted_item": "d5"
                            }
                        ],
                        "map_locations": [
                            {
                                "map": "d5",
                                "x": 1560,
                                "y": 738
                            }
                        ]
                    }
                ]
            },
            {
                "name": "Mermaid's Cave [Past] (D6)",
                "access_rules": [],
                "children": [
                    {
                        "name": "Color Room",
                        "sections": [
                            {
                                "access_rules": [
                                    "$d6past_colorroom",
                                    "[l_hard],$d6past_colorroom_h"
                                ],
                                "item_count": 1
                            }
                        ],
                        "map_locations": [
                            {
                                "map": "d6_1",
                                "x": 296,
                                "y": 792
                            }
                        ]
                    },
                    {
                        "name": "Wizzrobe Chest",
                        "sections": [
                            {
                                "access_rules": [
                                    "$k_wizzrobe,bombs",
                                    "[l_hard],$k_wizzrobe,bombs"
                                ],
                                "item_count": 1
                            }
                        ],
                        "map_locations": [
                            {
                                "map": "d6_1",
                                "x": 840,
                                "y": 969
                            }
                        ]
                    },
                    {
                        "name": "Flooded Pool Chest",
                        "sections": [
                            {
                                "access_rules": [
                                    "$d6past_pool_chest"
                                ],
                                "item_count": 1
                            }
                        ],
                        "map_locations": [
                            {
                                "map": "d6_1",
                                "x": 760,
                                "y": 792
                            }
                        ]
                    },
                    {
                        "name": "Stalfos Chest",
                        "sections": [
                            {
                                "access_rules": [
                                    "$d6past_stalfos",
                                    "[l_hard],$d6past_stalfos_h"
                                ],
                                "item_count": 1
                            }
                        ],
                        "map_locations": [
                            {
                                "map": "d6_1",
                                "x": 808,
                                "y": 440
                            }
                        ]
                    },
                    {
                        "name": "Rope Chest",
                        "sections": [
                            {
                                "access_rules": [
                                    "$d6past_rope_chest",
                                    "[l_hard],$d6past_rope_chest_h"
                                ],
                                "item_count": 1
                            }
                        ],
                        "map_locations": [
                            {
                                "map": "d6_1",
                                "x": 3049,
                                "y": 617
                            }
                        ]
                    },
                    {
                        "name": "Underwater Spear Chest",
                        "sections": [
                            {
                                "access_rules": [
                                    "$d6past_spinner,mermaid"
                                ],
                                "item_count": 1
                            }
                        ],
                        "map_locations": [
                            {
                                "map": "d6_1",
                                "x": 1801,
                                "y": 217
                            }
                        ]
                    },
                    {
                        "name": "Underwater Diamond Chest",
                        "sections": [
                            {
                                "access_rules": [
                                    "$d6past_spinner,mermaid,hook1"
                                ],
                                "item_count": 1
                            }
                        ],
                        "map_locations": [
                            {
                                "map": "d6_1",
                                "x": 2329,
                                "y": 89
                            }
                        ]
                    },
                    {
                        "name": "Octogon Reward",
                        "sections": [
                            {
                                "access_rules": [
                                    "$d6past_boss"
                                ],
                                "item_count": 1
                            }
                        ],
                        "map_locations": [
                            {
                                "map": "d6_1",
                                "x": 120,
                                "y": 88
                            }
                        ]
                    },
                    {
                        "name": "Lonely Peak",
                        "sections": [
                            {
                                "access_rules": [
                                    "$d6past_boss"
                                ],
                                "hosted_item": "d6"
                            }
                        ],
                        "map_locations": [
                            {
                                "map": "d6_1",
                                "x": 360,
                                "y": 35
                            }
                        ]
                    }
                ]
            },
            {
                "name": "Mermaid's Cave [Present] (D6)",
                "access_rules": [],
                "children": [
                    {
                        "name": "Diamond Chest",
                        "sections": [
                            {
                                "access_rules": [
                                    "hook1"
                                ],
                                "item_count": 1
                            }
                        ],
                        "map_locations": [
                            {
                                "map": "d6_2",
                                "x": 296,
                                "y": 792
                            }
                        ]
                    },
                    {
                        "name": "Rope Chest",
                        "sections": [
                            {
                                "access_rules": [
                                    "$d6present_rope_chest",
                                    "[l_hard],$d6present_rope_chest_h"
                                ],
                                "item_count": 1
                            }
                        ],
                        "map_locations": [
                            {
                                "map": "d6_2",
                                "x": 776,
                                "y": 617
                            }
                        ]
                    },
                    {
                        "name": "Cube Chest",
                        "sections": [
                            {
                                "access_rules": [
                                    "$d6present_cube_chest",
                                    "[l_hard],$d6present_cube_chest_h"
                                ],
                                "item_count": 1
                            }
                        ],
                        "map_locations": [
                            {
                                "map": "d6_2",
                                "x": 360,
                                "y": 985
                            }
                        ]
                    },
                    {
                        "name": "Spinner Chest",
                        "sections": [
                            {
                                "access_rules": [
                                    "$d6present_spinner_chest",
                                    "[l_hard],$d6present_spinner_chest_h"
                                ],
                                "item_count": 1
                            }
                        ],
                        "map_locations": [
                            {
                                "map": "d6_2",
                                "x": 88,
                                "y": 217
                            }
                        ]
                    },
                    {
                        "name": "Beamos Chest",
                        "sections": [
                            {
                                "access_rules": [
                                    "$d6present_beamos_chest",
                                    "[l_hard],$d6present_beamos_chest_h"
                                ],
                                "item_count": 1
                            }
                        ],
                        "map_locations": [
                            {
                                "map": "d6_2",
                                "x": 1496,
                                "y": 729
                            }
                        ]
                    },
                    {
                        "name": "Rope RNG Chest",
                        "sections": [
                            {
                                "access_rules": [
                                    "$d6present_rng_chest",
                                    "[l_hard],$d6present_rng_chest_h"
                                ],
                                "item_count": 1
                            }
                        ],
                        "map_locations": [
                            {
                                "map": "d6_2",
                                "x": 1560,
                                "y": 553
                            }
                        ]
                    },
                    {
                        "name": "Channel Chest",
                        "sections": [
                            {
                                "access_rules": [
                                    "$d6present_channel_chest",
                                    "[l_hard],$d6present_channel_chest_h"
                                ],
                                "item_count": 1
                            }
                        ],
                        "map_locations": [
                            {
                                "map": "d6_2",
                                "x": 1416,
                                "y": 937
                            }
                        ]
                    },
                    {
                        "name": "Vire Chest",
                        "sections": [
                            {
                                "access_rules": [
                                    "$d6present_vire_chest",
                                    "[l_hard],$d6present_vire_chest_h"
                                ],
                                "item_count": 1
                            }
                        ],
                        "map_locations": [
                            {
                                "map": "d6_2",
                                "x": 840,
                                "y": 25
                            }
                        ]
                    }
                ]
            },
            {
                "name": "Jabu-Jabu's Belly (D7)",
                "access_rules": ["mermaid"],
                "children": [
                    {
                        "name": "Spike Chest",
                        "sections": [
                            {
                                "access_rules": [
                                ],
                                "item_count": 1
                            }
                        ],
                        "map_locations": [
                            {
                                "map": "d7",
                                "x": 280,
                                "y": 1305
                            }
                        ]
                    },
                    {
                        "name": "Crab Chest",
                        "sections": [
                            {
                                "access_rules": [
                                    "$d7_crab"
                                ],
                                "item_count": 1
                            }
                        ],
                        "map_locations": [
                            {
                                "map": "d7",
                                "x": 2280,
                                "y": 677
                            }
                        ]
                    },
                    {
                        "name": "Diamond Puzzle",
                        "sections": [
                            {
                                "access_rules": [
                                    "$d7_diamondpuzzle"
                                ],
                                "item_count": 1
                            }
                        ],
                        "map_locations": [
                            {
                                "map": "d7",
                                "x": 2055,
                                "y": 868
                            }
                        ]
                    },
                    {
                        "name": "Flower Room",
                        "sections": [
                            {
                                "access_rules": [
                                    "$d7_flower"
                                ],
                                "item_count": 1
                            }
                        ],
                        "map_locations": [
                            {
                                "map": "d7",
                                "x": 1832,
                                "y": 324
                            }
                        ]
                    },
                    {
                        "name": "Stairway Chest",
                        "sections": [
                            {
                                "access_rules": [
                                    "$d7_stairway"
                                ],
                                "item_count": 1
                            }
                        ],
                        "map_locations": [
                            {
                                "map": "d7",
                                "x": 2296,
                                "y": 277
                            }
                        ]
                    },
                    {
                        "name": "Rightwing Moldorm Chest",
                        "sections": [
                            {
                                "access_rules": [
                                    "$d7_right_wing",
                                    "[l_hard],$d7_right_wing_h"
                                ],
                                "item_count": 1
                            }
                        ],
                        "map_locations": [
                            {
                                "map": "d7",
                                "x": 1320,
                                "y": 1145
                            }
                        ]
                    },
                    {
                        "name": "Boxed Chest",
                        "sections": [
                            {
                                "access_rules": [
                                    "$draind7"
                                ],
                                "item_count": 1
                            }
                        ],
                        "map_locations": [
                            {
                                "map": "d7",
                                "x": 2040,
                                "y": 517
                            }
                        ]
                    },
                    {
                        "name": "Cane & Diamond Puzzle",
                        "sections": [
                            {
                                "access_rules": [
                                    "$draind7,hook2,cane"
                                ],
                                "item_count": 1
                            }
                        ],
                        "map_locations": [
                            {
                                "map": "d7",
                                "x": 2056,
                                "y": 645
                            }
                        ]
                    },
                    {
                        "name": "3F Terrace Chest",
                        "sections": [
                            {
                                "access_rules": [
                                    "$floodd7"
                                ],
                                "item_count": 1
                            }
                        ],
                        "map_locations": [
                            {
                                "map": "d7",
                                "x": 920,
                                "y": 633
                            }
                        ]
                    },
                    {
                        "name": "Left Wing",
                        "sections": [
                            {
                                "access_rules": [
                                    "$floodd7"
                                ],
                                "item_count": 1
                            }
                        ],
                        "map_locations": [
                            {
                                "map": "d7",
                                "x": 104,
                                "y": 1145
                            }
                        ]
                    },
                    {
                        "name": "Hallway Chest",
                        "sections": [
                            {
                                "access_rules": [
                                    "$d7_hallway"
                                ],
                                "item_count": 1
                            }
                        ],
                        "map_locations": [
                            {
                                "map": "d7",
                                "x": 600,
                                "y": 40
                            }
                        ]
                    },
                    {
                        "name": "Miniboss Chest",
                        "sections": [
                            {
                                "access_rules": [
                                    "$d7_miniboss"
                                ],
                                "item_count": 1
                            }
                        ],
                        "map_locations": [
                            {
                                "map": "d7",
                                "x": 2440,
                                "y": 277
                            }
                        ]
                    },
                    {
                        "name": "Post-Hallway Chest",
                        "sections": [
                            {
                                "access_rules": [
                                    "$floodd7,d7sk:7"
                                ],
                                "item_count": 1
                            }
                        ],
                        "map_locations": [
                            {
                                "map": "d7",
                                "x": 1080,
                                "y": 89
                            }
                        ]
                    },
                    {
                        "name": "Pot Island Chest",
                        "sections": [
                            {
                                "access_rules": [
                                    "$d7_pot_island"
                                ],
                                "item_count": 1
                            }
                        ],
                        "map_locations": [
                            {
                                "map": "d7",
                                "x": 1944,
                                "y": 309
                            }
                        ]
                    },
                    {
                        "name": "Plasmarine Reward",
                        "sections": [
                            {
                                "access_rules": [
                                    "$d7_boss"
                                ],
                                "item_count": 1
                            }
                        ],
                        "map_locations": [
                            {
                                "map": "d7",
                                "x": 840,
                                "y": 1146
                            }
                        ]
                    },
                    {
                        "name": "Rolling Sea",
                        "sections": [
                            {
                                "access_rules": [
                                    "$d7_boss"
                                ],
                                "hosted_item": "d7"
                            }
                        ],
                        "map_locations": [
                            {
                                "map": "d7",
                                "x": 584,
                                "y": 1091
                            }
                        ]
                    }
                ]
            },
            {
                "name": "Ancient Tomb (D8)",
                "access_rules": [],
                "children": [
                    {
                        "name": "First Chest",
                        "sections": [
                            {
                                "access_rules": [
                                    "$d8_first"
                                ],
                                "item_count": 1
                            }
                        ],
                        "map_locations": [
                            {
                                "map": "d8",
                                "x": 696,
                                "y": 1225
                            }
                        ]
                    },
                    {
                        "name": "Ghini Chest",
                        "sections": [
                            {
                                "name": "(kill ghinis and take stairs)",
                                "access_rules": [
                                    "$d8_ghini",
                                    "[l_hard], $d8_ghini_h"
                                ],
                                "item_count": 1
                            }
                        ],
                        "map_locations": [
                            {
                                "map": "d8",
                                "x": 1864,
                                "y": 480
                            }
                        ]
                    },
                    {
                        "name": "B1F NW Chest",
                        "sections": [
                            {
                                "access_rules": [
                                    "$d8_ghini",
                                    "[l_hard], $d8_ghini_h"
                                ],
                                "item_count": 1
                            }
                        ],
                        "map_locations": [
                            {
                                "map": "d8",
                                "x": 344,
                                "y": 409
                            }
                        ]
                    },
                    {
                        "name": "Blue Peg Chest",
                        "sections": [
                            {
                                "access_rules": [
                                    "$d8_bluepeg",
                                    "[l_hard], $d8_bluepeg_h"
                                ],
                                "item_count": 1
                            }
                        ],
                        "map_locations": [
                            {
                                "map": "d8",
                                "x": 648,
                                "y": 937
                            }
                        ]
                    },
                    {
                        "name": "Blade Trap Chest",
                        "sections": [
                            {
                                "access_rules": [
                                    "$d8_bluepeg",
                                    "[l_hard], $d8_bluepeg_h"
                                ],
                                "item_count": 1
                            }
                        ],
                        "map_locations": [
                            {
                                "map": "d8",
                                "x": 456,
                                "y": 937
                            }
                        ]
                    },
                    {
                        "name": "Sarcophagus Chest",
                        "sections": [
                            {
                                "access_rules": [
                                    "$d8_bluepeg,lift2",
                                    "[l_hard], $d8_bluepeg_h,lift2"
                                ],
                                "item_count": 1
                            }
                        ],
                        "map_locations": [
                            {
                                "map": "d8",
                                "x": 440,
                                "y": 777
                            }
                        ]
                    },
                    {
                        "name": "Stalfos Drop",
                        "sections": [
                            {
                                "access_rules": [
                                    "$d8_bluepeg",
                                    "[l_hard], $d8_bluepeg_h"
                                ],
                                "item_count": 1
                            }
                        ],
                        "map_locations": [
                            {
                                "map": "d8",
                                "x": 599,
                                "y": 472
                            }
                        ]
                    },
                    {
                        "name": "Maze Chest",
                        "sections": [
                            {
                                "access_rules": [
                                    "$d8_maze",
                                    "[l_hard], $d8_maze_h"
                                ],
                                "item_count": 1
                            }
                        ],
                        "map_locations": [
                            {
                                "map": "d8",
                                "x": 1544,
                                "y": 128
                            }
                        ]
                    },
                    {
                        "name": "NW Slate",
                        "sections": [
                            {
                                "access_rules": [
                                    "$d8_maze",
                                    "[l_hard], $d8_maze_h"
                                ],
                                "item_count": 1
                            }
                        ],
                        "map_locations": [
                            {
                                "map": "d8",
                                "x": 1800,
                                "y": 144
                            }
                        ]
                    },
                    {
                        "name": "NE Slate",
                        "sections": [
                            {
                                "access_rules": [
                                    "$d8_neslate",
                                    "[l_hard], $d8_neslate_h"
                                ],
                                "item_count": 1
                            }
                        ],
                        "map_locations": [
                            {
                                "map": "d8",
                                "x": 2760,
                                "y": 144
                            }
                        ]
                    },
                    {
                        "name": "B3F Chest",
                        "sections": [
                            {
                                "access_rules": [
                                    "$d8_maze,lift2",
                                    "[l_hard], $d8_maze_h,lift2"
                                ],
                                "item_count": 1
                            }
                        ],
                        "map_locations": [
                            {
                                "map": "d8",
                                "x": 520,
                                "y": 201
                            }
                        ]
                    },
                    {
                        "name": "Tile Room",
                        "sections": [
                            {
                                "access_rules": [
                                    "$d8_tileroom",
                                    "[l_hard],$d8_tileroom_h"
                                ],
                                "item_count": 1
                            }
                        ],
                        "map_locations": [
                            {
                                "map": "d8",
                                "x": 2520,
                                "y": 848
                            }
                        ]
                    },
                    {
                        "name": "SE Slate",
                        "sections": [
                            {
                                "access_rules": [
                                    "$d8_tileroom",
                                    "[l_hard],$d8_tileroom_h"
                                ],
                                "item_count": 1
                            }
                        ],
                        "map_locations": [
                            {
                                "map": "d8",
                                "x": 2760,
                                "y": 848
                            }
                        ]
                    },
                    {
                        "name": "Floor Puzzle",
                        "sections": [
                            {
                                "access_rules": [
                                    "$d8_bluepeg,d8sk:5",
                                    "[l_hard],$d8_bluepeg_h,d8sk:5"
                                ],
                                "item_count": 1
                            }
                        ],
                        "map_locations": [
                            {
                                "map": "d8",
                                "x": 1080,
                                "y": 969
                            }
                        ]
                    },
                    {
                        "name": "SW Slate",
                        "sections": [
                            {
                                "access_rules": [
                                    "$d8_maze,d8sk:5,lift1",
                                    "[l_hard],$d8_maze_h,d8sk:5,lift1"
                                ],
                                "item_count": 1
                            }
                        ],
                        "map_locations": [
                            {
                                "map": "d8",
                                "x": 1768,
                                "y": 1025
                            }
                        ]
                    },
                    {
                        "name": "Ramrock Reward",
                        "sections": [
                            {
                                "access_rules": [
                                    "$d8_boss",
                                    "[l_hard],$d8_boss_h"
                                ],
                                "item_count": 1
                            }
                        ],
                        "map_locations": [
                            {
                                "map": "d8",
                                "x": 840,
                                "y": 108
                            }
                        ]
                    },
                    {
                        "name": "Falling Star",
                        "sections": [
                            {
                                "access_rules": [
                                    "$d8_boss",
                                    "[l_hard],$d8_boss_h"
                                ],
                                "hosted_item": "d8"
                            }
                        ],
                        "map_locations": [
                            {
                                "map": "d8",
                                "x": 600,
                                "y": 35
                            }
                        ]
                    }
                ]
            }
        ]
    }
]